Province,Date,Population,Labourforce,Employment 8,Fulltime,Parttime,Unemployment,Unemploymentrate,Participationrate,Employmentrate
Newfoundland and Labrador,Jan-20,439.8,252.5,222.5,187.7,34.8,30,11.9,57.4,50.6
Newfoundland and Labrador,Feb-20,439.7,253.5,223.2,185.8,37.4,30.3,12,57.7,50.8
Newfoundland and Labrador,Mar-20,439.8,246.3,217.4,186.9,30.4,28.9,11.7,56,49.4
Newfoundland and Labrador,Apr-20,439.7,224.1,188.2,159.6,28.7,35.8,16,51,42.8
Newfoundland and Labrador,May-20,439.4,236.9,198.2,168.7,29.5,38.7,16.3,53.9,45.1
Newfoundland and Labrador,Jun-20,439.3,244.3,204.2,168.5,35.7,40.2,16.5,55.6,46.5
Newfoundland and Labrador,Jul-20,439.3,247.1,208.5,173.6,34.9,38.6,15.6,56.2,47.5
Newfoundland and Labrador,Aug-20,439.3,244.6,212.5,175.8,36.7,32.1,13.1,55.7,48.4
Newfoundland and Labrador,Sep-20,439.3,253.9,216.2,181.8,34.3,37.7,14.8,57.8,49.2
Newfoundland and Labrador,Oct-20,439.3,254.7,222.1,185.5,36.5,32.7,12.8,58,50.6
Newfoundland and Labrador,Nov-20,439.4,255.6,224.4,186.5,37.9,31.3,12.2,58.2,51.1
Prince Edward Island,Jan-20,130.2,86.8,80.3,68.4,11.9,6.5,7.5,66.7,61.7
Prince Edward Island,Feb-20,130.4,87.6,80.6,68.5,12.2,7,8,67.2,61.8
Prince Edward Island,Mar-20,130.7,85.9,78.5,67.3,11.2,7.4,8.6,65.7,60.1
Prince Edward Island,Apr-20,130.9,77.7,69.3,60.2,9.1,8.4,10.8,59.4,52.9
Prince Edward Island,May-20,131.1,83.5,71.9,62.1,9.8,11.6,13.9,63.7,54.8
Prince Edward Island,Jun-20,131.3,86.7,73.6,63.1,10.5,13.2,15.2,66,56.1
Prince Edward Island,Jul-20,131.6,84.7,74.7,61.8,12.9,9.9,11.7,64.4,56.8
Prince Edward Island,Aug-20,131.7,85.3,76.3,63.7,12.6,9.1,10.7,64.8,57.9
Prince Edward Island,Sep-20,131.9,84,75.5,62.9,12.6,8.5,10.1,63.7,57.2
Prince Edward Island,Oct-20,132,84.9,76.4,64.6,11.8,8.5,10,64.3,57.9
Prince Edward Island,Nov-20,132.2,86.3,77.4,64.7,12.7,8.8,10.2,65.3,58.5
Nova Scotia,Jan-20,813,504.5,467.3,382.3,85,37.2,7.4,62.1,57.5
Nova Scotia,Feb-20,813.6,510.9,471,380.3,90.7,39.8,7.8,62.8,57.9
Nova Scotia,Mar-20,814.3,490.2,446.2,372.6,73.6,44.1,9,60.2,54.8
Nova Scotia,Apr-20,814.8,449.6,395.6,333.8,61.8,54,12,55.2,48.6
Nova Scotia,May-20,815.2,467.5,404.2,334.2,69.9,63.4,13.6,57.3,49.6
Nova Scotia,Jun-20,816.1,497.7,433.1,358.2,74.9,64.6,13,61,53.1
Nova Scotia,Jul-20,816.9,489.2,436.5,357.5,78.9,52.8,10.8,59.9,53.4
Nova Scotia,Aug-20,817.7,494.5,443.7,355.9,87.8,50.8,10.3,60.5,54.3
Nova Scotia,Sep-20,818.7,494.5,455.7,363.8,91.9,38.9,7.9,60.4,55.7
Nova Scotia,Oct-20,819.4,502.4,458.5,374.4,84.1,43.8,8.7,61.3,56
Nova Scotia,Nov-20,820,500.7,468.5,383.2,85.3,32.2,6.4,61.1,57.1
New Brunswick,Jan-20,634.6,390.1,360.9,308.6,52.3,29.2,7.5,61.5,56.9
New Brunswick,Feb-20,635,387.9,361,310.1,50.9,26.9,6.9,61.1,56.9
New Brunswick,Mar-20,635.3,379.2,345.8,300.1,45.7,33.3,8.8,59.7,54.4
New Brunswick,Apr-20,635.7,358.7,311.4,272.2,39.3,47.2,13.2,56.4,49
New Brunswick,May-20,636,376.3,328.2,282.9,45.3,48.2,12.8,59.2,51.6
New Brunswick,Jun-20,636.4,389.1,350.4,296.4,54,38.7,9.9,61.1,55.1
New Brunswick,Jul-20,636.7,386.6,348.6,292.7,55.9,38,9.8,60.7,54.8
New Brunswick,Aug-20,637,384.1,347.9,293.1,54.7,36.2,9.4,60.3,54.6
New Brunswick,Sep-20,637.5,390.7,350.1,297.2,52.9,40.6,10.4,61.3,54.9
New Brunswick,Oct-20,637.9,392.3,352.7,300.9,51.7,39.6,10.1,61.5,55.3
New Brunswick,Nov-20,638.1,394.5,356.9,304.3,52.6,37.7,9.6,61.8,55.9
Quebec,Jan-20,"7,089.10","4,597.20","4,364.50","3,563.10",801.4,232.7,5.1,64.8,61.6
Quebec,Feb-20,"7,095.00","4,589.20","4,384.50","3,577.00",807.5,204.7,4.5,64.7,61.8
Quebec,Mar-20,"7,102.40","4,483.30","4,120.50","3,485.40",635.1,362.8,8.1,63.1,58
Quebec,Apr-20,"7,106.80","4,293.30","3,564.00","3,033.90",530.1,729.4,17,60.4,50.1
Quebec,May-20,"7,111.00","4,398.90","3,794.90","3,263.50",531.4,603.9,13.7,61.9,53.4
Quebec,Jun-20,"7,116.40","4,527.60","4,042.40","3,370.70",671.7,485.3,10.7,63.6,56.8
Quebec,Jul-20,"7,119.90","4,576.80","4,140.00","3,370.00",770,436.8,9.5,64.3,58.1
Quebec,Aug-20,"7,125.10","4,592.60","4,194.20","3,430.90",763.3,398.4,8.7,64.5,58.9
Quebec,Sep-20,"7,132.40","4,612.80","4,270.90","3,476.20",794.7,341.9,7.4,64.7,59.9
Quebec,Oct-20,"7,137.50","4,612.20","4,258.00","3,498.40",759.5,354.2,7.7,64.6,59.7
Quebec,Nov-20,"7,142.70","4,603.40","4,273.70","3,513.80",760,329.7,7.2,64.4,59.8
Ontario,Jan-20,"12,253.30","7,973.60","7,558.30","6,173.70","1,384.60",415.3,5.2,65.1,61.7
Ontario,Feb-20,"12,267.50","7,991.50","7,555.10","6,194.00","1,361.10",436.4,5.5,65.1,61.6
Ontario,Mar-20,"12,289.10","7,737.90","7,152.30","5,945.50","1,206.80",585.6,7.6,63,58.2
Ontario,Apr-20,"12,298.20","7,285.60","6,463.10","5,481.10",982,822.4,11.3,59.2,52.6
Ontario,May-20,"12,307.20","7,402.10","6,398.60","5,421.90",976.8,"1,003.40",13.6,60.1,52
Ontario,Jun-20,"12,321.60","7,719.90","6,776.50","5,641.40","1,135.10",943.4,12.2,62.7,55
Ontario,Jul-20,"12,333.10","7,813.80","6,927.20","5,647.00","1,280.20",886.6,11.3,63.4,56.2
Ontario,Aug-20,"12,341.60","7,910.40","7,069.00","5,760.60","1,308.30",841.4,10.6,64.1,57.3
Ontario,Sep-20,"12,356.40","7,993.90","7,236.60","5,943.00","1,293.60",757.4,9.5,64.7,58.6
Ontario,Oct-20,"12,367.20","8,035.20","7,267.20","5,952.80","1,314.40",768,9.6,65,58.8
Ontario,Nov-20,"12,378.90","8,037.50","7,303.80","6,012.10","1,291.70",733.7,9.1,64.9,59
Manitoba,Jan-20,"1,044.20",696.7,661,524.3,136.6,35.7,5.1,66.7,63.3
Manitoba,Feb-20,"1,045.00",699.5,664.2,525,139.2,35.3,5,66.9,63.6
Manitoba,Mar-20,"1,046.30",682.7,638.9,515.3,123.5,43.9,6.4,65.2,61.1
Manitoba,Apr-20,"1,046.20",648.4,574.7,477.7,97,73.7,11.4,62,54.9
Manitoba,May-20,"1,046.20",662.2,587.8,480.8,107,74.4,11.2,63.3,56.2
Manitoba,Jun-20,"1,046.50",685.8,616.7,495.6,121.2,69.1,10.1,65.5,58.9
Manitoba,Jul-20,"1,046.80",685.3,629.1,501.8,127.3,56.3,8.2,65.5,60.1
Manitoba,Aug-20,"1,047.20",693.1,637.2,507.5,129.7,56,8.1,66.2,60.8
Manitoba,Sep-20,"1,047.50",701.6,652.3,518.3,134,49.3,7,67,62.3
Manitoba,Oct-20,"1,047.90",700.2,650.5,517,133.5,49.7,7.1,66.8,62.1
Manitoba,Nov-20,"1,048.20",683.4,632.4,514.5,118,50.9,7.4,65.2,60.3
Saskatchewan,Jan-20,893.1,617.5,580.2,477,103.2,37.3,6,69.1,65
Saskatchewan,Feb-20,893.6,619,580.7,475.3,105.5,38.3,6.2,69.3,65
Saskatchewan,Mar-20,894.7,603.6,559.8,469.2,90.5,43.8,7.3,67.5,62.6
Saskatchewan,Apr-20,894.6,571.6,506.9,429.3,77.6,64.7,11.3,63.9,56.7
Saskatchewan,May-20,893.9,579.9,507.5,424.8,82.7,72.4,12.5,64.9,56.8
Saskatchewan,Jun-20,893.8,608.1,537.8,444.9,93,70.3,11.6,68,60.2
Saskatchewan,Jul-20,893.6,604.2,551.1,455.4,95.7,53.1,8.8,67.6,61.7
Saskatchewan,Aug-20,893.9,603.4,555.8,456.6,99.2,47.7,7.9,67.5,62.2
Saskatchewan,Sep-20,893.9,605.8,564.5,461.8,102.7,41.4,6.8,67.8,63.2
Saskatchewan,Oct-20,893.8,601.2,562.9,459.8,103.1,38.2,6.4,67.3,63
Saskatchewan,Nov-20,894,601.8,560.1,461.3,98.9,41.7,6.9,67.3,62.7
Alberta,Jan-20,"3,557.70","2,500.10","2,318.50","1,895.00",423.5,181.7,7.3,70.3,65.2
Alberta,Feb-20,"3,561.40","2,510.20","2,329.90","1,898.30",431.6,180.3,7.2,70.5,65.4
Alberta,Mar-20,"3,566.70","2,423.30","2,212.80","1,854.80",358,210.5,8.7,67.9,62
Alberta,Apr-20,"3,569.50","2,273.30","1,969.00","1,672.30",296.7,304.3,13.4,63.7,55.2
Alberta,May-20,"3,571.90","2,362.30","1,997.20","1,645.50",351.7,365.1,15.5,66.1,55.9
Alberta,Jun-20,"3,576.20","2,471.30","2,088.80","1,717.50",371.3,382.5,15.5,69.1,58.4
Alberta,Jul-20,"3,578.00","2,472.20","2,156.10","1,747.90",408.2,316.1,12.8,69.1,60.3
Alberta,Aug-20,"3,580.10","2,456.20","2,165.80","1,756.10",409.7,290.4,11.8,68.6,60.5
Alberta,Sep-20,"3,583.00","2,497.30","2,204.00","1,790.60",413.4,293.2,11.7,69.7,61.5
Alberta,Oct-20,"3,585.80","2,494.60","2,227.40","1,803.40",424,267.1,10.7,69.6,62.1
Alberta,Nov-20,"3,588.70","2,493.40","2,216.60","1,774.00",442.6,276.7,11.1,69.5,61.8
British Columbia,Jan-20,"4,140.30","2,664.50","2,545.60","1,991.10",554.5,118.8,4.5,64.4,61.5
British Columbia,Feb-20,"4,146.50","2,673.80","2,539.10","1,994.50",544.6,134.7,5,64.5,61.2
British Columbia,Mar-20,"4,154.40","2,593.40","2,406.70","1,937.60",469.1,186.7,7.2,62.4,57.9
British Columbia,Apr-20,"4,158.30","2,421.00","2,142.60","1,742.70",399.9,278.4,11.5,58.2,51.5
British Columbia,May-20,"4,162.30","2,524.00","2,185.90","1,797.80",388.1,338.1,13.4,60.6,52.5
British Columbia,Jun-20,"4,169.00","2,649.50","2,304.00","1,814.20",489.8,345.5,13,63.6,55.3
British Columbia,Jul-20,"4,175.60","2,669.50","2,374.20","1,835.90",538.3,295.3,11.1,63.9,56.9
British Columbia,Aug-20,"4,179.90","2,674.30","2,389.50","1,849.20",540.3,284.9,10.7,64,57.2
British Columbia,Sep-20,"4,185.40","2,668.00","2,444.30","1,887.70",556.6,223.7,8.4,63.7,58.4
British Columbia,Oct-20,"4,189.40","2,692.80","2,477.80","1,895.50",582.3,215,8,64.3,59.1
British Columbia,Nov-20,"4,193.40","2,694.10","2,501.70","1,937.60",564.1,192.4,7.1,64.2,59.7
